Fjernvarmeforsyning;Postnr.;MWhPrisInklMoms;SamletForbugerprisBeboelseslejlighedInklMoms;SamletForbugerprisEnfamilieshusInklMoms;NominelPrisaendring_SidenDecember2015;ProcentvisPrisaendring_SidenDecember2015;NominelPrisaendring_SidenDecember2017;ProcentvisPrisaendring_SidenDecember2017;Bemaerkninger
Agersted Varmeværk;9330;326;7394;9780;-2.036;-17,23%;-566;-5,50%;
Albertslund Varmeværk;2620;700;12552;15990;2.840;21,60%;686;4,50%;
Allingåbro Varmeværk;8961;438;10188;13231;0;0,00%;0;0%;
Als Fjernvarme a.m.b.a.;9560;425;9350;11755;-13;-0,11%;0;0%;
Ans Kraftvarmeværk;8643;740;13544;16815;1.671;11,03%;3.552;26,80%;
Ansager Varmeværk;6823;344;10994;15816;-823;-4,95%;0;0%;
Arden Varmeværk;9510;475;9650;12473;2.054;19,71%;1.569;14,40%;
Assens Fjernvarme Amba - Fyn;5610;409;7860;9982;82;0,83%;210;2,20%;
Assens Fjernvarme Amba - Jylland;9550;475;11594;15035;-453;-2,92%;-453;-2,90%;
Astrup Kraftvarmeværk;9510;450;13438;14833;-2.381;-13,83%;4.698;46,30%;
Asaa Fjernvarme;9340;438;9969;12906;2.333;22,06%;2.466;23,60%;
Augustenborg Fjernvarme;6440;531;11156;14041;566;4,20%;1.131;8,80%;
Aulum Fjernvarme A.m.b.a.;7490;500;11213;15375;6.631;75,84%;5.500;55,70%;
Auning Varmeværk;8963;525;10531;13740;1.358;10,96%;1.358;11,00%;
Avedøre Fjernvarme A.m.b.a. ;2650;360;11139;13273;-298;-2,19%;420;3,30%;
Ballen/Brundby Varmeværk;8305;713;15963;18171;-730;-3,86%;-1.330;-6,80%;
Balling-Rødding Varmeværk A.m.b.a.**;7860;585;10925;14114;-71;-0,50%;115;0,80%;** Forsyningen er en fusion af to eller flere forsyninger. Der er for december 2015 og evt. december 2017 benyttet en med det budgetterede varmesalg vægtet gennemsnitspris for at beregne prisændringerne i forhold til priserne før fusionen.
Bedsted Fjernvarme;7755;575;12578;14601;453;3,20%;453;3,20%;
Billund Varmeværk ;7190;440;8225;10414;-1.785;-14,63%;-1.448;-12,20%;
Bindslev Fjernvarme;9881;231;6984;9419;-113;-1,19%;-226;-2,30%;
Blenstrup Kraftvarmeværk A.m.b.a.;9520;550;14200;15905;-3.168;-16,61%;0;0%;
Blåhøj Energiselskab Amba;7330;188;4531;5456;-9.936;-64,55%;-4.784;-46,70%;
Bogense Forsyningsselskab;5400;338;7344;9421;-679;-6,72%;-679;-6,70%;
Bornholms Varme A/S**;3700;700;15531;19283;790;4,27%;790;4,30%;** Forsyningen er en fusion af to eller flere forsyninger. Der er for december 2015 og evt. december 2017 benyttet en med det budgetterede varmesalg vægtet gennemsnitspris for at beregne prisændringerne i forhold til priserne før fusionen.
Borup Varmeværk Amba;4140;506;9548;12551;0;0,00%;-1;0,00%;
Boulstrup-Hou Kraftvarmeværk A.m.b.a. ;8300;538;12563;14229;-3.530;-19,88%;1.131;8,60%;
Bramming Fjernvarme A.m.b.a.;6740;513;10388;13956;4.059;41,01%;5.201;59,40%;
Brande Fjernvarme Amba;7330;400;9156;12115;1.265;11,66%;2.141;21,50%;
Bredebro Varmeværk;6261;394;8313;10977;339;3,19%;1.244;12,80%;
Bredsten-Balle Kraftvarmeværk A.m.b.a.;7182;681;10219;16117;-1.697;-9,53%;339;2,20%;
Broager Fjernvarmeselskab;6310;531;12125;15603;0;0,00%;0;0%;
Brovst Fjernvarme;9460;500;10625;13550;-905;-6,26%;905;7,20%;
Brædstrup Fjernvarme a.m.b.a.;8740;469;9875;12909;3.394;35,67%;5.656;78,00%;
Brøndby Fjernvarme A.m.b.a. ;2605;458;9014;11681;1.158;11,01%;-470;-3,90%;
Brønderslev Varme;9700;560;10475;13146;-1.340;-9,25%;-1.041;-7,30%;
Brøns Kraftvarme A.m.b.a.;6780;520;13275;15487;-3.206;-17,15%;815;5,60%;
Brørup Fjernvarme;6650;400;8563;11315;973;9,41%;905;8,70%;
Bækmarksbro Varmeværk A.m.b.a.;7660;600;12800;15460;0;0,00%;0;0%;
Bælum Varmeværk;9574;563;12375;14119;-1.358;-8,77%;1.131;8,70%;
Bøvling Varmeværk;7650;619;10781;12699;-98;-0,77%;0;0%;
Christiansfeld Fjernvarmeselskab A.m.b.A.;6070;688;13281;17131;4.659;37,35%;5.111;42,50%;
DIN Forsyning Varme**;6705;456;8846;10956;-385;-3,39%;-501;-4,40%;** Forsyningen er en fusion af to eller flere forsyninger. Der er for december 2015 og evt. december 2017 benyttet en med det budgetterede varmesalg vægtet gennemsnitspris for at beregne prisændringerne i forhold til priserne før fusionen.
Dronninglund Fjernvarme;9330;706;12844;16408;2.524;18,18%;5.021;44,10%;
Durup Fjernvarme;7870;465;10518;14373;-1.296;-8,27%;0;0%;
Dybvad Varmeværk Amba;9352;513;11563;14526;-1.810;-11,08%;-453;-3,00%;
E.ON Varme - Lendemarke Varmeforsyning;4780;693;13073;16378;1.440;9,64%;1.440;9,60%;
Ebeltoft Fjernvarmeværk;8400;386;8435;10697;-166;-1,53%;-163;-1,50%;
Egtved Varmeværk;6040;699;13263;17010;-475;-2,72%;3.597;26,80%;
Ejby Fjernvarme A.m.b.a.;5592;588;11500;14559;1.464;11,18%;4.299;41,90%;
Ejerf Mølleåparken v/adv Lone Refshammer***;1153;764;14339;;0;0,00%;0;0%;*** Nogle fjernvarmeforsyninger indberetter ikke priser for standardlejligheder eller standardhuse, hvorfor nogle felter er tomme. Dette skyldes, at Forsyningstilsynet kun modtager indberetninger for de aftagerkategorier, som findes i forsyningernes kundegrundlag, og at flere forsyninger ikke har kunder med disse forhold. Gennemsnitlig, vægtet gennemsnitlig og median varmepris for standardlejligheder og standardhuse er alene beregnet for de varmeforsyninger, der har indberettet priser for denne boligtype. 
Ejsing Fjernvarmeforsyning A.m.b.a.;7830;738;16313;19349;0;0,00%;0;0%;
Ejstrupholm Varmeværk;7361;594;13406;15247;1.923;14,43%;3.959;35,10%;
Ellehavegaard Energy I/S;4800;469;;14609;-1.738;-10,63%;-1.300;-8,20%;
Engesvang-Moselund Kraftvarmeværk;7430;625;11531;14500;3.733;34,67%;7.919;120,30%;
Eniig Varme A/S;7400;471;8001;9461;-5.616;-37,25%;-5.146;-35,20%;
Farsø Fjernvarmeværk;9640;425;9406;11755;0;0,00%;0;0%;
Farum Fjernvarme;3520;609;10756;13835;2.734;24,63%;2.571;22,80%;
Faxe Fjernvarmeselskab;4640;425;8649;11633;-81;-0,69%;204;1,80%;
FD Hvidovre;2650;371;11310;13483;-251;-1,83%;366;2,80%;
Feldborg Kraftvarmeværk A.m.b.a.;7540;615;11850;14719;4.910;50,05%;5.872;66,40%;
Fensmark Fjernvarmeværk;4684;500;11344;13581;108;0,80%;1.465;12,10%;
Filskov Energiselskab;7200;250;7188;8650;-1.944;-18,35%;0;0%;
Fjernvarme Horsens A.m.b.a;8700;490;9709;12500;-498;-3,83%;-300;-2,30%;
Fjerritslev Fjernvarme;9690;421;9194;12150;-1.765;-12,68%;158;1,30%;
Flauenskjold Varmeværk A.m.b.a;9330;469;9688;12172;-2.263;-15,67%;0;0%;
Fredericia Fjernvarme;7000;306;7090;9414;-554;-5,56%;-472;-4,80%;
Frederiks Varmeværk;7470;438;10156;13231;-2.263;-14,60%;1.131;9,30%;
Frederiksberg Fjernvarme A/S;2000;591;10602;13707;1.985;16,94%;1.150;9,20%;
Frederikshavn Varme A/S;9900;555;10981;14008;1.358;10,73%;1.629;13,20%;
Frifelt-Roager Kraftvarme AMBA;6780;700;17000;20170;-453;-2,19%;0;0%;
Frøstrup Fjernvameværk;7741;509;13171;16331;250;1,55%;250;1,60%;
Fuglebjerg Fjernvarme;4250;481;10625;14248;-543;-3,67%;0;0%;
Fur Kraftvarmeværk A.m.b.a.;7884;500;11750;13300;-3.352;-20,13%;-2.470;-15,70%;
Fyn, Fjernvarme Fyn A/S**;5230;470;8313;10457;-735;-6,57%;215;2,10%;** Forsyningen er en fusion af to eller flere forsyninger. Der er for december 2015 og evt. december 2017 benyttet en med det budgetterede varmesalg vægtet gennemsnitspris for at beregne prisændringerne i forhold til priserne før fusionen.
Faaborg, FFV Varme A/S ;5600;713;12594;15834;3.245;25,78%;5.883;59,10%;
Galten Varmeværk;8464;344;8173;9863;784;8,63%;-113;-1,10%;
Gartneres Varmeforsyning i Belling - Fangel ApS;5250;412;7222;8647;-383;-4,24%;-87;-1,00%;
Gartneres Varmeforsyning i Åsum og Langeskov ApS;5250;411;7298;8739;-288;-3,19%;490;5,90%;
Gartnernes Fjernvarmeforsyning i Odense Nord ApS;5250;419;7666;9183;534;6,17%;156;1,70%;
Gassum-Hvidsten Kraftvarmeværk;8981;419;13844;16867;6.262;59,05%;9.361;124,70%;
Gauerslund Fjernvarme;7080;475;9344;12191;-226;-1,82%;-226;-1,80%;
Gedsted Varmeværk;9631;688;14844;18694;-21;-0,11%;3.825;25,70%;
Gelsted Fjernvarmeselskab;5591;713;14125;17846;453;2,60%;1.131;6,80%;
Genner-Hellevad-Hovslund Forenede Kraftvarmeværker;6230;400;10900;14065;-1.358;-8,80%;0;0%;
Gentofte Fjernvarme;2820;289;11789;14018;1.166;9,07%;1.168;9,10%;
Gilleleje Fjernvarme a.m.b.a.;3250;531;10750;13978;14;0,10%;-325;-2,30%;
Give Fjernvarme Amba;7323;531;9469;12216;4.638;61,21%;4.511;58,50%;
Gjerlev Varmeværk;8983;495;13238;17110;-407;-2,32%;-407;-2,30%;
Gjøl Private Kraftvarmeværk A.m.b.a.;9440;463;11938;15246;453;3,06%;1.584;11,60%;
Gladsaxe Kommune, Fjernvarmeforsyningen;2860;289;11401;13602;1.743;14,69%;1.296;10,50%;
Glamsbjerg Fjernvarme A.m.b.a.;5620;438;9063;11794;0;0,00%;0;0%;
Glostrup Varme A/S;2600;360;7339;9417;-5.860;-38,36%;-7.037;-42,80%;
Glyngøre Fjernvarmeværk;7870;500;10625;13863;-1.331;-8,76%;0;0%;
Gram Fjernvarme;6510;838;16125;20784;7.694;58,78%;8.259;65,90%;
Grenaa Varmeværk;8500;412;8524;10970;-2.045;-15,71%;-2.045;-15,70%;
Greve Fjernvarme A.m.b.a.;2670;330;8783;12069;-2.725;-18,42%;2.276;23,20%;
Grindsted, Gev Varme A/S ;7200;250;5938;7400;-394;-5,05%;0;0%;
Græsted Fjernvarme A.m.b.a;3230;490;10938;14650;498;3,52%;1.063;7,80%;
Gudenådalens Energiselskab (Bjerringbro);8850;625;13675;15613;2.534;19,38%;3.959;34,00%;
Gudenådalens Energiselskab (Ulstrup);8860;688;13238;16381;-1.132;-6,46%;3.168;24,00%;
Guldborgsund Varme;4800;538;10767;14044;9;0,07%;9;0,10%;
Gylling-Ørting-Falling Kraftvarmeværk;8300;550;13656;15949;-5.883;-26,95%;0;0%;
Gørding Varmeværk;6690;475;9094;12010;0;0,00%;0;0%;
Haderslev Fjernvarme;6100;445;8363;10430;-317;-2,95%;362;3,60%;
Haderup Kraftvarmeværk;7540;519;11250;14439;4.042;38,87%;5.004;53,00%;
Hadsten Varmeværk;8370;350;8813;9898;-640;-6,07%;0;0%;
Hadsund Fjernvarmeværk;9560;450;11000;13220;-457;-3,34%;-434;-3,20%;
Hallund Kraftvarmeværk A.m.b.a.;9700;600;15000;16860;405;2,46%;724;4,50%;
Hals Fjernvarme;9370;525;10313;13040;-226;-1,71%;226;1,80%;
Halsnæs Varme A/S;3300;513;10211;13273;-1.586;-10,68%;4.965;59,80%;
Halvrimmen-Arentsminde Kraftv.værk Amba;9460;438;9469;11856;-2.049;-14,74%;0;0%;
Hammel Fjernvarme Amba;8450;419;7531;9379;225;2,46%;225;2,50%;
Hammershøj Fjernvarmeværk;8830;531;10031;13191;-3.168;-19,36%;1.358;11,50%;
Hanstholm Varmeværk;7730;375;8063;9913;-173;-1,71%;453;4,80%;
Harboøre Varmeværk A.m.b.a. ;7673;213;5738;7476;-679;-8,32%;0;0%;
Hashøj Kraftvarmeforsyning A.m.b.a.;4261;513;10774;14735;-2.489;-14,45%;-2.489;-14,40%;
Haslev Fjernvarme Imba;4690;595;12287;15687;-2.188;-12,24%;-170;-1,10%;
Havnbjerg Varmecentral;6400;650;12675;16478;-7.279;-30,64%;-5.043;-23,40%;
Havndal Fjernvarme A.m.b.a.;8970;579;12353;15277;-777;-4,84%;2.665;21,10%;
Havneby Varmeværk A.m.b.a.;6792;844;16094;20652;693;3,47%;18;0,10%;
Hedensted Fjernvarme;8722;620;11706;14935;-712;-4,55%;0;0%;
Hejnsvig Varmeværk A.m.b.a.;7250;300;9375;11130;-2.312;-17,20%;2.160;24,10%;
Helsinge Fjernvarme;3200;525;10656;13865;-1.619;-10,45%;0;0%;
Helsingør, Forsyning Helsingør Varme  ;3000;516;12440;15764;-1.012;-6,03%;-725;-4,40%;
Hemmet Varmeværk  A.m.b.a. ;6893;563;12594;15919;-4.184;-20,81%;-1.587;-9,10%;
Hillerød Varme  A/S - Skævinge ;3400;450;13004;16240;701;4,51%;996;6,50%;
Hillerød Varme A/S;3400;450;10494;11889;701;6,27%;996;9,10%;
Hillerød Varme A/S - Gørløse;3400;450;14005;15400;1.833;13,51%;996;6,90%;
Hillerød Varme A/S - Meløse-St.Lyngby;3400;450;14814;16209;701;4,52%;996;6,50%;
Hinnerup Fjernvarme;8382;408;8066;10532;651;6,59%;312;3,10%;
Hirtshals Fjernvarme A.m.ba.;9850;463;10453;13605;1.018;8,09%;1.584;13,20%;
Hjallerup Fjernvarme A.m.b.a.;9320;713;14438;16646;1.584;10,51%;2.263;15,70%;
Hjordkær Fjernvarmeværk;6230;451;10204;12428;-1.131;-8,34%;-1.131;-8,30%;
Hjørring Varmeforsyning;9800;388;8164;9856;634;6,87%;635;6,90%;
Hobro Varmeværk;9500;515;9248;11703;567;5,09%;272;2,40%;
HOFOR Fjernvarme P/S;2300;675;12367;15275;300;2,00%;300;2,00%;
Holeby Fjernvarme;4960;420;9286;11839;-3.779;-24,19%;-280;-2,30%;
Holme Lundshøj Fjernvame A.m.b.a. ;8270;686;11606;14559;2.625;21,99%;1.901;15,00%;
Holsted Varmeværk;6670;750;14344;17838;2.715;17,95%;4.525;34,00%;
Holte Fjernvarme a.m.b.a.;2840;479;10463;14353;-5.075;-26,12%;-1.908;-11,70%;
Horbelev Varmeværk;4871;543;14116;18962;-88;-0,46%;-1.124;-5,60%;
Hornbæk Fjernvarme A.m.b.a. ;3100;645;12616;16382;-1.023;-5,88%;-390;-2,30%;
Hornslet Fjernvarmeselskab Amba;8543;650;11851;14073;453;3,32%;453;3,30%;
Hovedgård Fjernvarmeværk amba;8732;525;11944;15596;-741;-4,54%;0;0%;
Hundested Varmeværk A.m.b.a.;3390;746;14694;19070;-520;-2,66%;0;0%;
Hundslund-Oldrup Kraftvarmeværk;8350;663;15073;19566;-3.846;-16,43%;0;0%;
Hurup Fjernvarme;7760;450;8825;10895;674;6,59%;674;6,60%;
Hvalpsund Kraftvarmeværk A.m.b.a.;9640;375;13125;14288;-938;-6,16%;0;0%;
Hvalsø Kraftvarmeværk a.m.b.a.;4330;676;12039;15068;3.394;29,08%;2.716;22,00%;
Hvidbjerg Fjernvarme A.m.b.a.;7790;525;9750;12203;-1.753;-12,56%;0;0%;
Hvide Sande Fjernvarme;6960;500;10788;13975;1.697;13,82%;1.697;13,80%;
Hvidebæk Fjernvarmeforsyning A.m.b.a.;4490;510;11217;15412;-7.025;-31,31%;-1.723;-10,10%;
Hyllinge-Menstrup Kraftvarme Amba;4700;625;14063;19438;-4.433;-18,57%;0;0%;
Høje Taastrup Fjernvarme A.m.b.a;2630;585;11384;14234;-27;-0,19%;113;0,80%;
Højslev - Nr. Søby Fjernvarmeværk a.m.b.a.;7840;491;9748;12693;-973;-7,12%;-453;-3,40%;
Høng Varmeværk;4270;619;11688;14888;627;4,40%;1.770;13,50%;
Hørby Varmeværk;9300;413;11329;14360;-2.602;-15,34%;0;0%;
Ikast Værkerne Varme A/S;7430;488;9469;12011;1.244;11,56%;1.131;10,40%;
Ingstrup Fjernvarme;9480;644;16281;18277;1.584;9,49%;-158;-0,90%;
Ishøj Varmeværk;2635;400;11225;13426;1.346;11,15%;-1.423;-9,60%;
Jelling Varmeværk;7300;456;10034;12848;1.740;15,66%;2.587;25,20%;
Jerslev Kraftvarmeværk;9740;550;11360;13924;0;0,00%;1.267;10,00%;
Jetsmark Energiværk A.m.b.a.;9490;469;10063;13372;-2.347;-14,93%;1.781;15,40%;
Jyderup Varme A/S;4300;711;13235;16868;0;0,00%;0;0%;
Jægerspris Kraftvarme A.m.b.a.;3630;475;11625;13098;-453;-3,34%;3.965;43,40%;
Kalundborg Varmeforsyning A/S;4400;750;13588;17425;0;0,00%;0;0%;
Karup Varmeværk**;7470;413;9281;12279;-644;-4,98%;1.810;17,30%;** Forsyningen er en fusion af to eller flere forsyninger. Der er for december 2015 og evt. december 2017 benyttet en med det budgetterede varmesalg vægtet gennemsnitspris for at beregne prisændringerne i forhold til priserne før fusionen.
Kerteminde Varmeforsyning;5300;601;11390;14462;-2.269;-13,56%;1.077;8,00%;
Kibæk Varmeværk;6933;375;10125;13819;-905;-6,15%;0;0%;
Kjellerup Fjernvarme Amba;8620;469;11219;12672;2.569;25,43%;2.569;25,40%;
Klejtrup Varmeværk;9500;406;9188;11616;-3.394;-22,61%;-1.697;-12,70%;
Kolind Fjernvarmeværk;8560;569;8531;10294;-3.785;-26,88%;-6.738;-39,60%;
Kongerslev Fjernvarme;9293;550;11094;14068;453;3,32%;0;0%;
Kværndrup Fjernvarme Amba;5772;488;10594;13961;-1.129;-7,48%;0;0%;
Langesø Varmecentral;6400;700;13425;17383;-5.435;-23,82%;-2.160;-11,10%;
Langå Varmeværk;8870;594;12206;16028;1.105;7,40%;1.697;11,80%;
Laurbjerg Kraftvarmeværk A.m.b.a.;8870;500;10469;13738;-247;-1,77%;2.509;22,30%;
Lem Varmeværk ;6940;500;9463;11391;2.263;24,78%;2.263;24,80%;
Lemvig Varmeværk;7620;169;5531;7154;-5.204;-42,11%;0;0%;
Lendum Kraftvarmeværk A.m.b.a.;9870;800;17000;19480;4.751;32,26%;3.168;19,40%;
Lohals Varmeforsyning A.m.b.a.;5953;555;13419;17296;-82;-0,47%;0;0%;
Lolland Varme A/S**;4900;395;8915;12053;-1.181;-8,93%;-1.146;-8,70%;** Forsyningen er en fusion af to eller flere forsyninger. Der er for december 2015 og evt. december 2017 benyttet en med det budgetterede varmesalg vægtet gennemsnitspris for at beregne prisændringerne i forhold til priserne før fusionen.
Lystrup Fjernvarme Amba;8520;538;10688;13385;598;4,67%;1.131;9,20%;
Læsø Varme A/S;9940;625;13788;17060;-2.489;-12,73%;-2.489;-12,70%;
Løgstrup Varmeværk Amba;8831;475;10744;13495;-1.358;-9,14%;905;7,20%;
Løgstør Fjernvarmeværk;9670;600;12588;16166;2.848;21,39%;4.019;33,10%;
Løgten-Skødstrup Fjernvarmeværk A.m.b.a.;8541;588;10528;12990;598;4,82%;-453;-3,40%;
Løgumkloster Fjernvarme;6240;638;12125;15476;486;3,24%;1.844;13,50%;
Løjt Kirkeby Fjernvarmeselskab Amba;6200;670;12894;15590;1.844;13,41%;1.463;10,40%;
Løkken Varmeværk ;9480;356;9085;11213;-339;-2,94%;-339;-2,90%;
Løkkensvejens Kraftvarmeværk Amba;9480;650;16750;18765;-231;-1,22%;4.613;32,60%;
Lønstrup Varmeforsyning A.m.b.a. ;9800;656;14719;16753;-3.869;-18,76%;-430;-2,50%;
Lørslev Fjernvarmeforsyning Amba;9800;838;17813;23434;0;0,00%;0;0%;
Løsning Fjernvarme A.m.b.a.;8723;719;12750;16147;-681;-4,05%;0;0%;
Maglevad;3660;413;9875;13491;-1.247;-8,46%;-163;-1,20%;
Malling Varmeværk A.m.b.a.;8340;563;10875;13994;-1.131;-7,48%;-1.131;-7,50%;
Manna-Thise Kraftvarmeværk;9700;710;17150;19351;2.853;17,29%;3.758;24,10%;
Mariager Fjernvarmeværk Amba;9550;141;6217;7936;-1.055;-11,74%;-68;-0,80%;
Maribo Varmeværk Amba**;4930;346;8350;10637;274;2,64%;-242;-2,20%;** Forsyningen er en fusion af to eller flere forsyninger. Der er for december 2015 og evt. december 2017 benyttet en med det budgetterede varmesalg vægtet gennemsnitspris for at beregne prisændringerne i forhold til priserne før fusionen.
Marstal Fjernvarme Amba;5960;700;14750;17370;-1.573;-8,30%;-500;-2,80%;
Mejlby Fjernvarmeværk AMBA;8981;638;15974;17950;-1.679;-8,55%;1.760;10,90%;
Mellerup Kraftvarme Amba;8930;500;;16300;566;3,59%;2.263;16,10%;
Middelfart Fjernvarme**;5500;450;8750;11245;-2.069;-15,54%;129;1,20%;** Forsyningen er en fusion af to eller flere forsyninger. Der er for december 2015 og evt. december 2017 benyttet en med det budgetterede varmesalg vægtet gennemsnitspris for at beregne prisændringerne i forhold til priserne før fusionen.
Midtlangeland Fjernvarme;5900;520;11019;13650;-543;-3,83%;-543;-3,80%;
Morsø Varme - Dueholm Varmecentral;7900;563;10406;13594;0;0,00%;0;0%;
Mosede Fjernvarmeværk a.m.b.a.;2670;787;12607;15425;-3.035;-16,44%;-3.557;-18,70%;
Mou Kraftvarme Amba;9280;313;9160;11821;-4.125;-25,87%;0;0%;
Møldrup Varmeværk;9632;388;7875;9764;-1.131;-10,38%;453;4,90%;
Mølholm Varmeværk (Andelsselskabet) ;7100;550;10375;13180;-2.263;-14,65%;339;2,60%;
Mørke Fjernvarmeselskab Amba;8544;650;12359;14959;905;6,44%;905;6,40%;
Mørkøv Varmeværk Amba;4440;483;11473;15718;-4.689;-22,98%;755;5,00%;
Nibe Varmeværk a.m.b.a.;9240;463;9829;12465;-2.376;-16,01%;1.018;8,90%;
Nimtofte - NOFF - Takstområde 1;8550;693;19044;25659;-94;-0,37%;998;4,00%;
Nimtofte - NOFF - Takstområde 2;8550;693;18575;24847;1.368;5,83%;2.135;9,40%;
Nimtofte - NOFF - Takstområde 3;8550;693;18481;24684;231;0,94%;1.810;7,90%;
Nordborg Varmecentral;6400;700;13425;17383;-4.188;-19,41%;-4.414;-20,30%;
Nordby Varmeværk Amba;6720;788;16063;18504;-477;-2,51%;0;0%;
NORFORS Fjernvarme;2970;745;15041;20072;430;2,19%;430;2,20%;
NORFORS Nivå Fjernvarme;2970;744;14494;18656;0;0,00%;0;0%;
Nr. Ørslev Halmvarmeværk*;4800;875;13125;15838;0;0,00%;0;0%;* For varmeværker, der af forskellige årsager mangler prisanmeldelse for januar 2019, er prisanmeldelsen for den senest indberettede periode anvendt. Forsyningstilsynet har været i kontakt med de pågældende forsyninger.
NRGi Lokalvarme A/S;8200;831;14688;18433;-226;-1,21%;-226;-1,20%;
Nyborg og Ullerslev Fjernvarmeforsyning;5800;560;9950;12456;-362;-2,82%;362;3,00%;
Nykøbing Mors Fjernvarmeværk Amba;7900;550;10750;13830;93;0,67%;2.036;17,30%;
Nykøbing Sj. Varmeværk;4500;561;11606;14927;2.733;22,41%;3.648;32,30%;
Nysted Varmeværk A.m.b.a.;4880;342;10033;14161;-1.557;-9,90%;-224;-1,60%;
Næstved Varmeværk;4700;549;10619;13750;403;3,02%;1.091;8,60%;
Nørre Alslev Fjernvarmeværk;4840;628;12600;16333;-997;-5,75%;0;0%;
Nørre Nebel Fjernvarme;6830;425;10250;12943;-5.162;-28,51%;-1.358;-9,50%;
Nørre Snede Varmeværk, Værk I;8766;469;11656;13109;2.149;19,61%;3.861;41,70%;
Odder Varmeværk A.m.b.A.;8300;463;9875;12546;226;1,84%;226;1,80%;
Odsherred (trundholm) - SEAS-NVE KV-NET A/S;4520;863;16088;18761;-9.533;-33,69%;1;0,00%;
Odsherred Varme A/S;4571;863;17438;20361;226;1,12%;226;1,10%;
Oksbøl Varmeværk;6840;531;11293;14504;565;4,06%;2.263;18,50%;
Onsbjerg Varmeværk;8305;790;15003;17452;314;1,83%;0;0%;
Oue Kraftvarmeværk;9500;520;16350;17962;4.644;34,87%;5.675;46,20%;
Outrup Varmeværk;6855;500;11625;14550;-1.051;-6,74%;2.263;18,40%;
Overlund Fjernvarmeværk A.m.b.a.;8800;600;11600;15000;905;6,42%;2.263;17,80%;
Padborg Fjernvarme A.m.b.a.;6330;494;9575;12412;0;0,00%;0;0%;
Pindstrup Varmeværk A.m.b.a. ;8550;688;13308;17099;-3.019;-15,01%;0;0%;
Præstbro Kraftvarmeværk A.m.b.a.;9330;500;13750;15300;-5.996;-28,15%;1.131;8,00%;
Præstø Fjernvarme A.m.b.a.;4720;788;14931;19145;483;2,59%;2.582;15,60%;
Ramme Varmeværk ;7620;500;11079;13144;-1.810;-12,10%;-905;-6,40%;
Ramsing-Lem-Lihme Kraftvarmeværk;7860;619;15844;17762;-756;-4,08%;2.681;17,80%;
Randers, Verdo Varme A/S (Energi Randers Varme) ;8920;664;11726;14712;-1.267;-7,93%;-634;-4,10%;
Rask Mølle Varmeværk;8763;613;12281;15761;0;0,00%;0;0%;
Ravnkilde Kraftvarmeværk A.m.b.a.*;9610;400;10500;11740;-10.240;-46,59%;0;0%;* For varmeværker, der af forskellige årsager mangler prisanmeldelse for januar 2019, er prisanmeldelsen for den senest indberettede periode anvendt. Forsyningstilsynet har været i kontakt med de pågældende forsyninger.
REFA Gedser Fjernvarme A/S;4874;586;13286;17213;0;0,00%;0;0%;
REFA Kettinge Forsyning ApS;4892;727;14366;18746;-1.028;-5,20%;0;0%;
REFA, Stubbekøbing Fjernvarme A/S;4800;417;11044;14934;-1.577;-9,55%;-377;-2,50%;
Rejsby Kraftvarme;6780;550;13563;16955;-4.144;-19,64%;-1.881;-10,00%;
Ribe Fjernvarme Amba;6760;469;10719;12828;566;4,61%;566;4,60%;
Ringe Fjernvarmeselskab;5750;531;9467;11846;1.896;19,05%;2.319;24,30%;
Ringkøbing Fjernvarmeværk A.m.b.a. ;6950;425;9006;11927;2.036;20,58%;2.036;20,60%;
RINGSTED FJERNVARME A/S;4100;458;9152;11765;83;0,71%;83;0,70%;
Rise Fjernvarme Amba;5970;890;20725;23484;0;0,00%;0;0%;
Roskilde Varme A/S;4000;531;10275;13385;653;5,13%;486;3,80%;
Roslev Fjernvarmeselskab Amba;7870;469;11188;13947;-2.272;-14,01%;0;0%;
Rostrup Kraftvarmeværk A.m.b.a. ;9550;500;15500;17050;1.125;7,06%;3.388;24,80%;
Rundhøj Fjernvarme  A.m.b.a. ;8270;535;9925;12934;2.086;19,22%;1.086;9,20%;
Ry Varmeværk Am.b.a. ;8680;326;7956;10480;-1.631;-13,47%;-1.209;-10,30%;
Rye Kraftvarmeværk A.m.b.a.;8680;406;14375;19416;46;0,24%;2.308;13,50%;
Ryomgaard Fjernvarmeværk;8550;678;13954;17138;0;0,00%;0;0%;
Ræhr Fjernvarme Amba;7730;400;9125;10365;-3.631;-25,94%;-2.328;-18,30%;
Rødby Varmeværk Amba;4970;375;9219;12100;0;0,00%;0;0%;
Rødbyhavn Fjernvarme Amba;4970;408;8631;10771;-869;-7,47%;365;3,50%;
Rødding Varmecentral ;6630;488;9625;12374;1.018;8,97%;905;7,90%;
Rødkærsbro Fjernvarmeværk;8840;600;13625;17004;746;4,59%;2.856;20,20%;
Rødovre kommunes Varmeforsyning;2610;469;10313;13622;-1.796;-11,65%;158;1,20%;
Rønde Fjernvarmeværk;8410;436;8888;11409;-1.155;-9,19%;0;0%;
Rønne Varme A/S;3700;477;11293;13472;-2.065;-13,29%;0;0%;
Sakskøbing Fjernvarmeselskab Amba;4990;540;10167;13009;-170;-1,29%;283;2,20%;
Saltum Fjernvarmeværk Amba;9493;570;11988;15817;158;1,01%;2.647;20,10%;
Sandved-Tornemark Kraftvarmeværk Amba;4262;575;14297;17614;-1.759;-9,08%;165;0,90%;
Sdr. Felding Varmeværk;7280;375;8281;10475;0;0,00%;0;0%;
Sdr. Herreds Kraftvarmeværker Amba;7960;536;13844;15506;-434;-2,72%;1.361;9,60%;
Sdr. Omme Varmeværk Amba.;7260;410;11080;14966;-1.348;-8,26%;-410;-2,70%;
Sig Varmeværk;6800;613;14313;16211;-2.263;-12,25%;1.742;12,00%;
Silkeborg Varme A/S;8600;475;9600;12118;679;5,93%;679;5,90%;
Sindal Varmeforsyning Amba;9870;450;9281;11583;-2.036;-14,95%;1.629;16,40%;
SK Forsyning (Slagelse og Korsør);4200;463;9984;12708;-566;-4,26%;0;0%;
Skagen Varmeværk Amba;9990;338;8288;10599;-679;-6,02%;-679;-6,00%;
Skals Kraftvarmeværk Amba;8832;450;9750;12520;-1.448;-10,37%;0;0%;
Skanderborg-Hørning Fjernvarme Amba;8660;425;8500;10643;-1.901;-15,15%;-272;-2,50%;
Skive Fjernvarme Amba;7800;465;9663;12617;-2.082;-14,16%;0;0%;
Skjern Fjernvarmecentral A.m.b.a. ;6900;463;8625;11059;-641;-5,48%;-641;-5,50%;
Skovlund Kraftvarme;6823;500;10875;13525;-1.506;-10,02%;0;0%;
Skovsgaard Varmeværk A.m.b.a. ;9460;563;11156;14619;-664;-4,35%;0;0%;
Skuldelev Energiselskab Amba;4050;484;10626;12596;-6.532;-34,15%;0;0%;
Skærbæk Fjernvarme A.m.b.a.;6780;444;9695;12153;588;5,08%;588;5,10%;
Skørping Varmeværk A.m.b.a.;9520;538;10938;14104;2.307;19,55%;1.429;11,30%;
Skårup Fjernvarme;5881;450;10406;13795;-788;-5,40%;362;2,70%;
Slagslunde ;3660;630;13263;17278;-2.259;-11,56%;0;0%;
Smørum Kraftvarme;2765;542;11254;14536;-1.616;-10,00%;0;0%;
Snedsted Varmeværk;7752;419;10219;13892;-100;-0,71%;-100;-0,70%;
Snertinge, Særslev, Føllenslev - SSF Energiselskab ;4591;756;18669;22213;0;0,00%;0;0%;
Solrød Fjernvarmeværk Amba;2680;550;11581;15396;-1.066;-6,48%;-1.079;-6,50%;
Sorø Fjernvarme A/S;4520;525;8691;10918;-8.138;-42,71%;0;0%;
Spjald Fjernvarme- og Vandværk;6971;438;8500;10544;-3.394;-24,35%;1.131;12,00%;
St. Merløse Varme A/S;4300;715;13954;18078;1.246;7,40%;509;2,90%;
Stege Fjernvarme Amba;4780;498;11029;14835;0;0,00%;0;0%;
Stenløse Syd, Lærkeskolen, Stengårdsskolen, Toftehøjskolen;3660;488;11000;14849;2.190;17,30%;-163;-1,10%;
Stenstrup Fjernvarme Amba;5771;445;9438;11835;0;0,00%;1.810;18,10%;
Stoholm Fjernvarmeværk  Amba;7850;438;9844;12231;-4.553;-27,13%;0;0%;
Stokkemarke Fjernvarme;4952;500;13179;17756;54;0,30%;-84;-0,50%;
Strandby Varmeværk A.m.b.A.;9970;625;12281;15800;1.686;11,95%;3.394;27,40%;
Struer Forsyning Fjernvarme A/S;7600;415;7844;9694;-1.493;-13,35%;-181;-1,80%;
Støvring Kraftvarmeværk Amba;9530;413;8875;11610;214;1,88%;679;6,20%;
Sunds Vand og Varmeværk;7451;475;9438;12010;-1.976;-14,13%;-1.976;-14,10%;
Svebølle-Viskinge Fjernvarmeselskab Amba;4470;786;19906;22343;-828;-3,57%;-701;-3,00%;
Svendborg Fjernvarme Amba;5700;600;10544;13353;2.263;20,40%;2.263;20,40%;
Svogerslev Fjernvarmecentral;4000;688;14388;16519;4.671;39,43%;1.269;8,30%;
Sydfalster Varmeværk Amba;4873;447;10856;13995;1.074;8,31%;275;2,00%;
Sydlangeland Fjernvarme A.m.b.a.;5932;555;11075;13896;1.052;8,19%;0;0%;
Sæby Varmeværk Amba;9300;463;9313;11571;-1.004;-7,98%;1.584;15,90%;
Søndbjerg Fjernvarme Amba;7790;625;14250;19613;-1.584;-7,47%;0;0%;
Sønderborg Varme A/S**;6400;419;8840;11512;301;2,69%;301;2,70%;** Forsyningen er en fusion af to eller flere forsyninger. Der er for december 2015 og evt. december 2017 benyttet en med det budgetterede varmesalg vægtet gennemsnitspris for at beregne prisændringerne i forhold til priserne før fusionen.
Sønderholm Varmeværk Amba;9240;469;12281;15484;375;2,48%;375;2,50%;
Tarm Varmeværk Amba;6880;435;10030;11379;10;0,08%;-272;-2,30%;
Terndrup Fjernvarme A.m.ba.;9575;563;12000;15669;-1.131;-6,73%;0;0%;
Thisted Varmeforsyning Amba**;7700;425;8313;10593;905;9,34%;1.131;12,00%;** Forsyningen er en fusion af to eller flere forsyninger. Der er for december 2015 og evt. december 2017 benyttet en med det budgetterede varmesalg vægtet gennemsnitspris for at beregne prisændringerne i forhold til priserne før fusionen.
Thorsager Fjernvarmeværk Amba;8410;563;12844;16306;379;2,38%;0;0%;
Thorshøj Kraftvarmeværk Amba;9750;694;16069;19127;3.662;23,68%;4.638;32,00%;
Thorsminde Fjernvarme A.m.b.a.;6990;438;10875;14294;29;0,20%;0;0%;
Thorsø Fjernvarmeværk Amba;8881;325;8934;10517;-3.094;-22,73%;745;7,60%;
Thyborøn Fjernvarme A.m.b.a.;7680;490;10610;14279;272;1,94%;543;4,00%;
Tim Kraftvarmeværk Amba;6980;688;13250;16619;4.299;34,89%;5.204;45,60%;
Tistrup Varmeværk;6862;606;13219;16473;6.199;60,34%;5.317;47,70%;
Toftlund Fjernvarme Amba;6520;781;14219;18016;5.300;41,68%;8.694;93,30%;
Tommerup Bys Fjernvarmeforsyning A.m.b.a.;5690;466;10166;12655;-1.976;-13,51%;-1.561;-11,00%;
Tommerup St. Varmeforsyning A.m.b.a.;5690;513;10313;13826;-2.263;-14,06%;0;0%;
Tranbjerg Varmeværk Amba;8310;625;11048;13431;-506;-3,63%;825;6,50%;
Tranum Kraftvarmeværk;9460;563;11513;13856;-1.131;-7,55%;0;0%;
TRE-FOR Varme, Kolding A/S;6000;613;12000;13899;-158;-1,13%;928;7,20%;
Troldhede Kraftvarmeværk A.m.b.a.;6920;563;10469;13244;3.959;42,65%;1.131;9,30%;
Trustrup-Lyngby Varmeværk Amba;8570;406;9250;12091;-3.339;-21,64%;601;5,20%;
Tversted Kraftvarmeværk A.m.b.a.;9881;494;10344;13562;-679;-4,77%;2.376;21,20%;
Tønder Fjernvarmeselskab A.m.b.a.;6270;719;13563;17372;720;4,32%;2.927;20,30%;
Tørring Kraftvarmeværk;7160;500;12469;17113;5.031;41,65%;6.963;68,60%;
Tårnby Forsyning;2770;325;11003;13082;3.198;32,36%;0;0,00%;
Taars Varmeværk Amba;9830;831;16081;20643;9.813;90,62%;8.003;63,30%;
Ulbjerg Kraftvarme Amba;8832;531;12500;15178;813;5,66%;3.075;25,40%;
Uldum Varmeværk Amba;7171;525;10406;13271;0;0,00%;0;0%;
Ulfborg Fjernvarmeværk A.m.b.a.;6990;425;9656;13205;-881;-6,26%;-78;-0,60%;
Ulsted Varmeværk ;9370;510;11738;15969;1.147;7,74%;0;0%;
Vallensbæk Fjernvarmeværk A.m.b.a.;2625;529;11059;14771;776;5,54%;-223;-1,50%;
Vamdrup Fjernvarme I.m.b.a.;6580;594;12156;14822;1.697;12,93%;2.715;22,40%;
Varmecentralen Ørnesædet;4622;356;8244;10078;-654;-6,09%;1.850;22,50%;
Veddum Skelund Visborg Kraftvarmeværk A.m.b.a. ;9560;400;11688;12928;-3.441;-21,02%;0;0%;
Vegger Varmeværk ;9240;306;5781;7574;-4.407;-36,78%;-2.031;-21,10%;
Vejby-Tisvilde Fjernvarme A.m.b.a. ;3210;981;20344;23386;6.448;38,07%;6.448;38,10%;
Vejen Varmeværk Amba;6600;550;10000;12530;383;3,15%;1.358;12,20%;
Vejlby Fjernvarmecentral;8240;450;8250;10333;-1.131;-9,87%;0;0%;
Vejle Fjernvarme a.m.b.a.;7100;494;9531;12162;-241;-1,94%;2.361;24,10%;
Vemb Varmeværk;7570;500;10349;13793;-1.540;-10,04%;0;0%;
Vesløs Fjernvarme Amba;7742;615;16975;18882;0;0,00%;0;0%;
Vester Hjermitslev Varmeværk;9700;725;16500;18748;-2.095;-10,05%;-1.929;-9,30%;
Vestervig Fjernvarme;7770;313;10156;13235;-16;-0,12%;0;0%;
Vestforbrænding Glostrup I/S ;2600;303;9049;10919;-650;-5,62%;-1;0,00%;
Vestforsyning Varme A/S;7500;440;7988;10369;-881;-7,83%;-383;-3,60%;
Viborg Fjernvarme;8800;752;13533;17032;3.083;22,10%;4.472;35,60%;
Videbæk Varme;6920;331;7056;8908;-3.641;-29,01%;3.281;58,30%;
Vildbjerg Varmeværk A.m.b.a.;7480;415;10038;12287;773;6,71%;3.035;32,80%;
Vinderup Varmeværk;7830;375;7716;9999;1.358;15,71%;1.358;15,70%;
Vivild Varmeværk;8961;679;13856;16973;0;0,00%;0;0%;
Voerså Kraftvarmeværk A.m.b.a.;9300;606;13469;15348;226;1,50%;2.263;17,30%;
Vojens Fjernvarme;6500;595;10423;13367;1.358;11,30%;1.358;11,30%;
Vordingborg Fjernvarme A/S;4760;617;11164;13952;331;2,43%;331;2,40%;
Vorupør Kraftvarmeværk AMBA;7700;485;12300;15454;1.608;11,61%;3.400;28,20%;
Vrå Varmeværk;9760;644;12719;16089;1.471;10,06%;7.127;79,50%;
Værløse Varmeværk;3500;303;10362;12503;60;0,49%;-138;-1,10%;
Værum-Ørum Kraftvarmeværk A.m.b.a.;8870;500;9031;10885;1.210;12,51%;1.210;12,50%;
Ærøskøbing Fjernvarme;5970;463;12313;13746;-815;-5,59%;0;0%;
Ø. Brønderslev Kraftvarmeværk;9700;619;12500;15862;-339;-2,09%;3.507;28,40%;
Øland Kraftvarmeværk A.m.b.a;9460;988;20438;23499;5.430;30,05%;8.371;55,30%;
Ølgod Fjernvarmeselskab Amba.;6870;405;9563;11968;815;7,30%;1.222;11,40%;
Ørnhøj Grønbjerg Kraftvarmeværk A.m.b.a.;6973;500;12375;15438;-1.697;-9,90%;-566;-3,50%;
Ørsted Fjernvarmeværk;8950;450;9006;12005;-453;-3,63%;0;0%;
Ørum Varmeværk A.m.b.a.;8830;563;11000;13706;-1.131;-7,62%;2.263;19,80%;
Østbirk Varmeværk a.m.b.a;8752;463;9219;11684;163;1,41%;163;1,40%;
Øster Hornum Varmeværk;9530;425;11719;16130;-1.358;-7,76%;0;0%;
Øster Hurup Kraftvarme;9560;500;14375;15925;3.168;24,83%;3.168;24,80%;
Øster Toreby Varmeværk Amba;4800;490;10323;13341;-128;-0,95%;0;0%;
Østerild Fjernvarmeselskab A.m.b.a. ;7700;563;14531;17994;-1.010;-5,31%;634;3,60%;
Østerlund Varme A/S;6400;550;11175;14668;-2.263;-13,36%;1.810;14,10%;
Østervrå Varmeværk;9750;438;9313;11769;-453;-3,70%;2.941;33,30%;
Aabenraa - Rødekro Fjernvarme;6200;410;7838;9796;-724;-6,88%;0;0%;
Aabybro Fjernvarmeværk;9440;450;9531;11958;329;2,83%;328;2,80%;
Ådum Kraftvarmeværk;6880;555;15075;16796;0;0,00%;0;0%;
Aalborg Bygas A/S;9000;705;12294;14479;487;3,48%;456;3,20%;
Aalborg Varme A/S**;9000;461;9666;12195;2.271;22,89%;498;4,30%;** Forsyningen er en fusion af to eller flere forsyninger. Der er for december 2015 og evt. december 2017 benyttet en med det budgetterede varmesalg vægtet gennemsnitspris for at beregne prisændringerne i forhold til priserne før fusionen.
Aalestrup-Nørager Energi A.m.b.a.**;9620;413;8334;10748;-2.132;-16,55%;-767;-6,70%;** Forsyningen er en fusion af to eller flere forsyninger. Der er for december 2015 og evt. december 2017 benyttet en med det budgetterede varmesalg vægtet gennemsnitspris for at beregne prisændringerne i forhold til priserne før fusionen.
Aarhus, AffaldVarme Aarhus (distribution) ;8210;580;10444;12861;-316;-2,40%;165;1,30%;
Aars Fjernvarmeforsyning Amba;9600;331;7063;8846;-2.436;-21,59%;-389;-4,20%;
;;;;;;;;;
;;;;;;;;;
;;;;;;;;;
;;;;;;;;;
;;;;;;;;;
;;;;;;;;;
;;;;;;;;;
;;;;;;;;;
;;;;;;;;;
;;;;;;;;;
